Keelung,01F0005
Badu,01F0029
Wudu,01F0061
Xizhi,01F0099
Donghu,01F0147
Neihu,01F0153
Yuanshan,01F0182
Taipei,01F0248
Sanchong,01F0264
Wugu,01F0293
Linkou,01F0413
Taoyuan,01F0492
Neili,01F0578
Zhongli,01F0633
Youshi,01F0681
Yangmei,01F0699
Hukou,01F0880
Zhubei,01F0928
Hsinchu,01F0980
Toufen,01F1123
Touwu,01F1292
Miaoli,01F1389
Tongluo,01F1465
Sanyi,01F1572
Houli,01F1621
Fengyuan,01F1699
Daya,01F1774
Taichung,01F1802
Nantun,01F1839
Wangtian,01F1906
Changhua,01F2011
Yuanlin,01F2156
Beidou,01F2249
Xiluo,01F2322
Huwei,01F2394
Dounan,01F2425
Dalin,01F2514
Minxiong,01F2603
Chiayi,01F2674
Shuishang,01F2714
Xinying,01F2930
Madou,01F3083
Yongkang,01F3227
Rende,01F3286
Luzhu,01F3398
Gangshan,01F3535
Nanzi,01F3590
Kaohsiung,01F3736