pair_id,start_gantry_id,start_link_id,longitude,latitude,end_gantry_id,end_link_id,longitude,latitude,distance_km,direction
01F0005S_01F0017S,01F0005S,0000100000040C,121.731764,25.118786,01F0017S,0000100000130C,121.725906,25.109567,1.2,South
01F0017N_01F0005N,01F0017N,0000100100160C,121.725906,25.109567,01F0005N,0000100100050C,121.731636,25.118311,1.2,North
01F0017S_01F0029S,01F0017S,0000100000130C,121.725906,25.109567,01F0029S,0000100000260C,121.717856,25.102836,1.2,South
01F0029N_01F0017N,01F0029N,0000100100270C,121.717856,25.102836,01F0017N,0000100100160C,121.725906,25.109567,1.2,North
01F0029S_01F0061S,01F0029S,0000100000260C,121.717856,25.102836,01F0061S,0000100000600C,121.693644,25.088272,3.2,South
01F0061N_01F0029N,01F0061N,0000100100600C,121.693644,25.088272,01F0029N,0000100100270C,121.717856,25.102836,3.2,North
01F0061N_03F0087S,01F0061N,0000100100600C,121.693644,25.088272,03F0087S,0000300000870F,121.653556,25.089994,11.5,South
01F0061S_01F0099S,01F0061S,0000100000600C,121.693644,25.088272,01F0099S,0000101006000F,121.659478,25.076264,3.8,South
01F0099N_01F0061N,01F0099N,0000100100900F,121.659422,25.076044,01F0061N,0000100100600C,121.693644,25.088272,3.8,North
01F0099S_01F0147S,01F0099S,0000101006000F,121.659478,25.076264,01F0147S,0000100001440A,121.613519,25.065644,4.8,South
01F0099S_01H0163S,01F0099S,0000101006000F,121.659478,25.076264,01H0163S,00001A0001600A,121.598733,25.064006,6.4,South
01F0099S_03F0054N,01F0099S,0000101006000F,121.659478,25.076264,03F0054N,0000300100520C,121.681789,25.103747,6.3,North
01F0099S_03F0116S,01F0099S,0000101006000F,121.659478,25.076264,03F0116S,0000300001160F,121.643467,25.065611,2.5,South
01F0147N_01F0099N,01F0147N,0000100101440A,121.613519,25.065644,01F0099N,0000100100900F,121.659422,25.076044,4.8,North
01F0147N_03F0054N,01F0147N,0000100101440A,121.613519,25.065644,03F0054N,0000300100520C,121.681789,25.103747,8.7,North
01F0147N_03F0116S,01F0147N,0000100101440A,121.613519,25.065644,03F0116S,0000300001160F,121.643467,25.065611,3.7,South
01F0147S_01F0153S,01F0147S,0000100001440A,121.613519,25.065644,01F0153S,0000100001530A,121.607778,25.064911,0.6,South
01F0153N_01F0147N,01F0153N,0000100001530A,121.607778,25.064911,01F0147N,0000100101440A,121.613519,25.065644,0.6,North
01F0153S_01F0182S,01F0153S,0000100001530A,121.607778,25.064911,01F0182S,0000100001800A,121.580231,25.068986,2.9,South
01F0182S_01F0248S,01F0182S,0000100001800A,121.580231,25.068986,01F0248S,0000100002490A,121.516603,25.077631,6.6,South
01F0213N_01F0153N,01F0213N,0000100102100A,121.550358,25.073053,01F0153N,0000100001530A,121.607778,25.064911,6,North
01F0233N_01F0213N,01F0233N,0000101111050A,121.530703,25.073019,01F0213N,0000100102100A,121.550358,25.073053,2,North
01F0248S_01F0264S,01F0248S,0000100002490A,121.516603,25.077631,01F0264S,0000100002610F,121.501386,25.077464,1.6,South
01F0256N_01F0233N,01F0256N,0000100102520A,121.509106,25.078067,01F0233N,0000101111050A,121.530703,25.073019,2.3,North
01F0264S_01F0293S,01F0264S,0000100002610F,121.501386,25.077464,01F0293S,0000100002900F,121.472961,25.074797,2.9,South
01F0293N_01F0256N,01F0293N,0000100102900F,121.472961,25.074797,01F0256N,0000100102520A,121.509106,25.078067,3.7,North
01F0293S_01F0339S,01F0293S,0000100002900F,121.472961,25.074797,01F0339S,0000100003380F,121.428764,25.068239,4.6,South
01F0339S_01F0376S,01F0339S,0000100003380F,121.428764,25.068239,01F0376S,0000100003700F,121.397306,25.058667,3.7,South
01F0339S_01H0447S,01F0339S,0000100003380F,121.428764,25.068239,01H0447S,00001B0004400H,121.331858,25.060125,10.8,South
01F0340N_01F0293N,01F0340N,0000100103380F,121.428056,25.068,01F0293N,0000100102900F,121.472961,25.074797,4.7,North
01F0340N_01H0271N,01F0340N,0000100103380F,121.428056,25.068,01H0271N,00001A0102700F,121.494019,25.075256,6.8,North
01F0376N_01F0340N,01F0376N,0000100103700F,121.397306,25.058667,01F0340N,0000100103380F,121.428056,25.068,3.6,North
01F0376S_01F0413S,01F0376S,0000100003700F,121.397306,25.058667,01F0413S,0000100004110F,121.363561,25.064969,3.7,South
01F0413N_01F0376N,01F0413N,0000100104100H,121.363561,25.064969,01F0376N,0000100103700F,121.397306,25.058667,3.7,North
01F0413S_01F0467S,01F0413S,0000100004110F,121.363561,25.064969,01F0467S,0000100004600H,121.317761,25.047075,5.4,South
01F0467N_01F0413N,01F0467N,0000100104600H,121.317761,25.047075,01F0413N,0000100104100H,121.363561,25.064969,5.4,North
01F0467S_01F0492S,01F0467S,0000100004600H,121.317761,25.047075,01F0492S,0000100004900H,121.295531,25.036481,2.5,South
01F0492N_01F0467N,01F0492N,0000100104900H,121.295531,25.036481,01F0467N,0000100104600H,121.317761,25.047075,2.5,North
01F0492S_01F0511S,01F0492S,0000100004900H,121.295531,25.036481,01F0511S,0000100005100H,121.281731,25.025953,1.9,South
01F0511N_01F0492N,01F0511N,0000100105100H,121.281731,25.025953,01F0492N,0000100104900H,121.295531,25.036481,1.9,North
01F0511S_01F0532S,01F0511S,0000100005100H,121.281731,25.025953,01F0532S,0000100005310H,121.266194,25.012944,2.1,South
01F0511S_03F0525N,01F0511S,0000100005100H,121.281731,25.025953,03F0525N,0000300105200F,121.3419,24.936025,15.5,North
01F0511S_03F0559S,01F0511S,0000100005100H,121.281731,25.025953,03F0559S,0000300005520H,121.312458,24.930225,15.2,South
01F0532N_01F0511N,01F0532N,0000100105300H,121.266194,25.012944,01F0511N,0000100105100H,121.281731,25.025953,2.1,North
01F0532N_03F0525N,01F0532N,0000100105300H,121.266194,25.012944,03F0525N,0000300105200F,121.3419,24.936025,14.4,North
01F0532N_03F0559S,01F0532N,0000100105300H,121.266194,25.012944,03F0559S,0000300005520H,121.312458,24.930225,14,South
01F0532S_01F0557S,01F0532S,0000100005310H,121.266194,25.012944,01F0557S,0000100005550H,121.247722,24.998583,2.5,South
01F0557N_01F0532N,01F0557N,0000100105540H,121.247722,24.998583,01F0532N,0000100105300H,121.266194,25.012944,2.5,North
01F0557S_01F0578S,01F0557S,0000100005550H,121.247722,24.998583,01F0578S,0000100005750H,121.233197,24.984414,2.1,South
01F0578S_01H0610S,01F0578S,0000100005750H,121.233197,24.984414,01H0610S,00001B0006020H,121.209867,24.96525,3.2,South
01F0584N_01F0557N,01F0584N,0000100105800H,121.228944,24.980558,01F0557N,0000100105540H,121.247722,24.998583,2.7,North
01F0616S_01F0633S,01F0616S,0000100006100H,121.204739,24.961617,01F0633S,0000100006300H,121.195594,24.949281,1.7,South
01F0633N_01F0616N,01F0633N,0000100106300H,121.195594,24.949281,01F0616N,0000100006100H,121.204739,24.961617,1.7,North
01F0633N_01H0579N,01F0633N,0000100106300H,121.195594,24.949281,01H0579N,00001B0105700H,121.232981,24.983667,5.4,North
01F0633S_01F0664S,01F0633S,0000100006300H,121.195594,24.949281,01F0664S,0000100006600H,121.176919,24.929544,3.1,South
01F0664N_01F0633N,01F0664N,0000100106600H,121.176919,24.929544,01F0633N,0000100106300H,121.195594,24.949281,3.1,North
01F0664S_01F0681S,01F0664S,0000100006600H,121.176919,24.929544,01F0681S,0000100006800H,121.167586,24.917967,1.7,South
01F0681N_01F0664N,01F0681N,0000100106800H,121.167586,24.917967,01F0664N,0000100106600H,121.176919,24.929544,1.7,North
01F0681S_01F0699S,01F0681S,0000100006800H,121.167586,24.917967,01F0699S,0000100006970H,121.159761,24.903297,1.8,South
01F0699N_01F0681N,01F0699N,0000100106960H,121.159761,24.903297,01F0681N,0000100106800H,121.167586,24.917967,1.8,North
01F0699S_01F0750S,01F0699S,0000100006970H,121.159761,24.903297,01F0750S,0000100007400H,121.111731,24.893436,5.1,South
01F0750N_01F0699N,01F0750N,0000100107400H,121.111731,24.893436,01F0699N,0000100106960H,121.159761,24.903297,5.1,North
01F0750N_01H0608N,01F0750N,0000100107400H,121.111731,24.893436,01H0608N,00001B0106020H,121.211614,24.965878,14.2,North
01F0750S_01F0880S,01F0750S,0000100007400H,121.111731,24.893436,01F0880S,0000100008800J,121.019031,24.848719,13,South
01F0880N_01F0750N,01F0880N,0000100108800J,121.019031,24.848719,01F0750N,0000100107400H,121.111731,24.893436,13,North
01F0880S_01F0928S,01F0880S,0000100008800J,121.019031,24.848719,01F0928S,0000100009240O,121.010306,24.808453,4.8,South
01F0928N_01F0880N,01F0928N,0000100109240O,121.010306,24.808453,01F0880N,0000100108800J,121.019031,24.848719,4.8,North
01F0928S_01F0950S,01F0928S,0000100009240O,121.010306,24.808453,01F0950S,0000100009470O,121.005247,24.789622,2.2,South
01F0950S_01F0980S,01F0950S,0000100009470O,121.005247,24.789622,01F0980S,0000100009800J,120.998861,24.763586,3,South
01F0956N_01F0928N,01F0956N,0000100109550O,121.003725,24.783944,01F0928N,0000100109240O,121.010306,24.808453,2.8,North
01F0979N_01F0956N,01F0979N,0000100109740J,120.999897,24.764414,01F0956N,0000100109550O,121.003725,24.783944,2.3,North
01F0980S_01F1045S,01F0980S,0000100009800J,120.998861,24.763586,01F1045S,0000100010400J,120.951897,24.727131,6.5,South
01F0980S_03F0996N,01F0980S,0000100009800J,120.998861,24.763586,03F0996N,0000300109940J,120.997269,24.755811,3.1,North
01F0980S_03F1022S,01F0980S,0000100009800J,120.998861,24.763586,03F1022S,0000300010200J,120.972267,24.757914,2.8,South
01F1045N_01F0979N,01F1045N,0000100110400J,120.951897,24.727131,01F0979N,0000100109740J,120.999897,24.764414,6.6,North
01F1045N_03F0996N,01F1045N,0000100110400J,120.951897,24.727131,03F0996N,0000300109940J,120.997269,24.755811,6,North
01F1045N_03F1022S,01F1045N,0000100110400J,120.951897,24.727131,03F1022S,0000300010200J,120.972267,24.757914,7.5,South
01F1045S_01F1123S,01F1045S,0000100010400J,120.951897,24.727131,01F1123S,0000100011200K,120.904267,24.679317,7.8,South
01F1123N_01F1045N,01F1123N,0000100111200K,120.904267,24.679317,01F1045N,0000100110400J,120.951897,24.727131,7.8,North
01F1123S_01F1292S,01F1123S,0000100011200K,120.904267,24.679317,01F1292S,0000100012900K,120.838925,24.550442,16.9,South
01F1292N_01F1123N,01F1292N,0000100112900K,120.838925,24.550442,01F1123N,0000100111200K,120.904267,24.679317,16.9,North
01F1292S_01F1389S,01F1292S,0000100012900K,120.838925,24.550442,01F1389S,0000100013800K,120.781903,24.485919,9.7,South
01F1389N_01F1292N,01F1389N,0000100113800K,120.781903,24.485919,01F1292N,0000100112900K,120.838925,24.550442,9.7,North
01F1389S_01F1465S,01F1389S,0000100013800K,120.781903,24.485919,01F1465S,0000100014600K,120.775731,24.420514,7.6,South
01F1465N_01F1389N,01F1465N,0000100114600K,120.775731,24.420514,01F1389N,0000100113800K,120.781903,24.485919,7.6,North
01F1465S_01F1572S,01F1465S,0000100014600K,120.775731,24.420514,01F1572S,0000100015700B,120.72085,24.339147,10.7,South
01F1572N_01F1465N,01F1572N,0000100115700B,120.72085,24.339147,01F1465N,0000100114600K,120.775731,24.420514,10.7,North
01F1572S_01F1621S,01F1572S,0000100015700B,120.72085,24.339147,01F1621S,0000100016200B,120.697325,24.301186,4.9,South
01F1621N_01F1572N,01F1621N,0000100116200B,120.697325,24.301186,01F1572N,0000100115700B,120.72085,24.339147,4.9,North
01F1621S_01F1664S,01F1621S,0000100016200B,120.697325,24.301186,01F1664S,0000100016610B,120.691956,24.262647,4.3,South
01F1621S_03F1651N,01F1621S,0000100016200B,120.697325,24.301186,03F1651N,0000300116520B,120.635574,24.334719,16,North
01F1621S_03F1710S,01F1621S,0000100016200B,120.697325,24.301186,03F1710S,0000300017100B,120.60197,24.292881,15.1,South
01F1664N_01F1621N,01F1664N,0000100116620B,120.691956,24.262647,01F1621N,0000100116200B,120.697325,24.301186,4.3,North
01F1664N_03F1651N,01F1664N,0000100116620B,120.691956,24.262647,03F1651N,0000300116520B,120.635574,24.334719,13.6,North
01F1664N_03F1710S,01F1664N,0000100116620B,120.691956,24.262647,03F1710S,0000300017100B,120.60197,24.292881,12.8,South
01F1664S_01F1699S,01F1664S,0000100016610B,120.691956,24.262647,01F1699S,0000100017000B,120.686625,24.231536,3.5,South
01F1699N_01F1664N,01F1699N,0000100116900B,120.686625,24.231536,01F1664N,0000100116620B,120.691956,24.262647,3.5,North
01F1699S_01F1774S,01F1699S,0000100017000B,120.686625,24.231536,01F1774S,0000100017700B,120.635611,24.184592,7.5,South
01F1774N_01F1699N,01F1774N,0000100117700B,120.635611,24.184592,01F1699N,0000100116900B,120.686625,24.231536,7.5,North
01F1774S_01F1802S,01F1774S,0000100017700B,120.635611,24.184592,01F1802S,0000100018000B,120.621933,24.163706,2.8,South
01F1802N_01F1774N,01F1802N,0000100118000B,120.621933,24.163706,01F1774N,0000100117700B,120.635611,24.184592,2.8,North
01F1802S_01F1839S,01F1802S,0000100018000B,120.621933,24.163706,01F1839S,0000100018400B,120.617247,24.130767,3.7,South
01F1839N_01F1802N,01F1839N,0000100118300B,120.617247,24.130767,01F1802N,0000100118000B,120.621933,24.163706,3.7,North
01F1839S_01F1906S,01F1839S,0000100018400B,120.617247,24.130767,01F1906S,0000100019060B,120.568131,24.113572,6.7,South
01F1906N_01F1839N,01F1906N,0000100119050B,120.568131,24.113572,01F1839N,0000100118300B,120.617247,24.130767,6.7,North
01F1906S_01F1960S,01F1906S,0000100019060B,120.568131,24.113572,01F1960S,0000100019600N,120.52785,24.085622,5.4,South
01F1906S_03F1941N,01F1906S,0000100019060B,120.568131,24.113572,03F1941N,0000300119400N,120.534546,24.120947,5.3,North
01F1906S_03F1991S,01F1906S,0000100019060B,120.568131,24.113572,03F1991S,0000300019900N,120.57766,24.102808,4.9,South
01F1960N_01F1906N,01F1960N,0000100119600N,120.52785,24.085622,01F1906N,0000100119050B,120.568131,24.113572,5.4,North
01F1960N_03F1941N,01F1960N,0000100119600N,120.52785,24.085622,03F1941N,0000300119400N,120.534546,24.120947,6.8,North
01F1960N_03F1991S,01F1960N,0000100119600N,120.52785,24.085622,03F1991S,0000300019900N,120.57766,24.102808,6.4,South
01F1960S_01F2011S,01F1960S,0000100019600N,120.52785,24.085622,01F2011S,0000100020100N,120.522786,24.040639,5.1,South
01F2011N_01F1960N,01F2011N,0000100120100N,120.522786,24.040639,01F1960N,0000100119600N,120.52785,24.085622,5.1,North
01F2011S_01F2089S,01F2011S,0000100020100N,120.522786,24.040639,01F2089S,0000100020900N,120.506117,23.971794,7.8,South
01F2011S_03F2194N,01F2011S,0000100020100N,120.522786,24.040639,03F2194N,0000300121900M,120.65272,23.985844,27.7,North
01F2011S_03F2235S,01F2011S,0000100020100N,120.522786,24.040639,03F2235S,0000300022340M,120.66127,23.955503,24.9,South
01F2089N_01F2011N,01F2089N,0000100120900N,120.506117,23.971794,01F2011N,0000100120100N,120.522786,24.040639,7.8,North
01F2089N_03F2194N,01F2089N,0000100120900N,120.506117,23.971794,03F2194N,0000300121900M,120.65272,23.985844,21.7,North
01F2089N_03F2235S,01F2089N,0000100120900N,120.506117,23.971794,03F2235S,0000300022340M,120.66127,23.955503,18.8,South
01F2089S_01F2156S,01F2089S,0000100020900N,120.506117,23.971794,01F2156S,0000100021500N,120.49765,23.912769,6.7,South
01F2156N_01F2089N,01F2156N,0000100121500N,120.49765,23.912769,01F2089N,0000100120900N,120.506117,23.971794,6.7,North
01F2156S_01F2249S,01F2156S,0000100021500N,120.49765,23.912769,01F2249S,0000100022500N,120.484881,23.830569,9.3,South
01F2249N_01F2156N,01F2249N,0000100122500N,120.484881,23.830569,01F2156N,0000100121500N,120.49765,23.912769,9.3,North
01F2249S_01F2322S,01F2249S,0000100022500N,120.484881,23.830569,01F2322S,0000100023200P,120.469342,23.766328,7.3,South
01F2322N_01F2249N,01F2322N,0000100123200P,120.469342,23.766328,01F2249N,0000100122500N,120.484881,23.830569,7.3,North
01F2322S_01F2394S,01F2322S,0000100023200P,120.469342,23.766328,01F2394S,0000100023900P,120.474917,23.702603,7.2,South
01F2394N_01F2322N,01F2394N,0000100123900P,120.474917,23.702603,01F2322N,0000100123200P,120.469342,23.766328,7.2,North
01F2394S_01F2425S,01F2394S,0000100023900P,120.474917,23.702603,01F2425S,0000100024200P,120.462281,23.677375,3.1,South
01F2425N_01F2394N,01F2425N,0000100124200P,120.462281,23.677375,01F2394N,0000100123900P,120.474917,23.702603,3.1,North
01F2425S_01F2472S,01F2425S,0000100024200P,120.462281,23.677375,01F2472S,0000100024700P,120.443114,23.639556,4.7,South
01F2425S_03F2614N,01F2425S,0000100024200P,120.462281,23.677375,03F2614N,0000300126120P,120.60178,23.724424,22.2,North
01F2425S_03F2709S,01F2425S,0000100024200P,120.462281,23.677375,03F2709S,0000300027100P,120.57295,23.649141,16.1,South
01F2472N_01F2425N,01F2472N,0000100124700P,120.443114,23.639556,01F2425N,0000100124200P,120.462281,23.677375,4.7,North
01F2472N_03F2614N,01F2472N,0000100124700P,120.443114,23.639556,03F2614N,0000300126120P,120.60178,23.724424,23.6,North
01F2472N_03F2709S,01F2472N,0000100124700P,120.443114,23.639556,03F2709S,0000300027100P,120.57295,23.649141,17.5,South
01F2472S_01F2514S,01F2472S,0000100024700P,120.443114,23.639556,01F2514S,0000100025110Q,120.435417,23.601989,4.2,South
01F2514N_01F2472N,01F2514N,0000100125100Q,120.435417,23.601989,01F2472N,0000100124700P,120.443114,23.639556,4.2,North
01F2514S_01F2603S,01F2514S,0000100025110Q,120.435417,23.601989,01F2603S,0000100026000Q,120.405583,23.526739,8.9,South
01F2603N_01F2514N,01F2603N,0000100126000Q,120.405583,23.526739,01F2514N,0000100125100Q,120.435417,23.601989,8.9,North
01F2603S_01F2674S,01F2603S,0000100026000Q,120.405583,23.526739,01F2674S,0000100026700Q,120.3777,23.469403,7.1,South
01F2674N_01F2603N,01F2674N,0000100126700Q,120.3777,23.469403,01F2603N,0000100126000Q,120.405583,23.526739,7.1,North
01F2674S_01F2714S,01F2674S,0000100026700Q,120.3777,23.469403,01F2714S,0000100027110Q,120.361561,23.436367,4,South
01F2714N_01F2674N,01F2714N,0000100127110Q,120.361561,23.436367,01F2674N,0000100126700Q,120.3777,23.469403,4,North
01F2714S_01F2827S,01F2714S,0000100027110Q,120.361561,23.436367,01F2827S,0000100028300D,120.322192,23.347469,11.3,South
01F2714S_03F2985N,01F2714S,0000100027110Q,120.361561,23.436367,03F2985N,0000300129850Q,120.4812,23.442486,15.8,North
01F2714S_03F3101S,01F2714S,0000100027110Q,120.361561,23.436367,03F3101S,0000300031000D,120.436356,23.361254,23.2,South
01F2827N_01F2714N,01F2827N,0000100128300D,120.322192,23.347469,01F2714N,0000100127110Q,120.361561,23.436367,11.3,North
01F2827N_03F2985N,01F2827N,0000100128300D,120.322192,23.347469,03F2985N,0000300129850Q,120.4812,23.442486,23.7,North
01F2827N_03F3101S,01F2827N,0000100128300D,120.322192,23.347469,03F3101S,0000300031000D,120.436356,23.361254,31.1,South
01F2827S_01F2866S,01F2827S,0000100028300D,120.322192,23.347469,01F2866S,0000100028700D,120.298703,23.320994,3.9,South
01F2866N_01F2827N,01F2866N,0000100128600D,120.298703,23.320994,01F2827N,0000100128300D,120.322192,23.347469,3.9,North
01F2866S_01F2930S,01F2866S,0000100028700D,120.298703,23.320994,01F2930S,0000100029300D,120.265769,23.272589,6.4,South
01F2930N_01F2866N,01F2930N,0000100129300D,120.265769,23.272589,01F2866N,0000100128600D,120.298703,23.320994,6.4,North
01F2930S_01F3019S,01F2930S,0000100029300D,120.265769,23.272589,01F3019S,0000100030200D,120.236422,23.197286,8.9,South
01F2930S_03F3307N,01F2930S,0000100029300D,120.265769,23.272589,03F3307N,0000300133100D,120.35546,23.203276,25.4,North
01F2930S_03F3392S,01F2930S,0000100029300D,120.265769,23.272589,03F3392S,0000300033900D,120.33371,23.132065,24.7,South
01F3019N_01F2930N,01F3019N,0000100130200D,120.236422,23.197286,01F2930N,0000100129300D,120.265769,23.272589,8.9,North
01F3019N_03F3307N,01F3019N,0000100130200D,120.236422,23.197286,03F3307N,0000300133100D,120.35546,23.203276,20.4,North
01F3019N_03F3392S,01F3019N,0000100130200D,120.236422,23.197286,03F3392S,0000300033900D,120.33371,23.132065,19.7,South
01F3019S_01F3083S,01F3019S,0000100030200D,120.236422,23.197286,01F3083S,0000100030800D,120.23327,23.140751,6.4,South
01F3083N_01F3019N,01F3083N,0000100130800D,120.23327,23.140751,01F3019N,0000100130200D,120.236422,23.197286,6.4,North
01F3083S_01F3126S,01F3083S,0000100030800D,120.23327,23.140751,01F3126S,0000100031300D,120.247681,23.104817,4.3,South
01F3126N_01F3083N,01F3126N,0000100131220D,120.247681,23.104817,01F3083N,0000100130800D,120.23327,23.140751,4.3,North
01F3126S_01F3185S,01F3126S,0000100031300D,120.247681,23.104817,01F3185S,0000100031900D,120.253025,23.051311,5.9,South
01F3126S_03F3445N,01F3126S,0000100031300D,120.247681,23.104817,03F3445N,0000300134400D,120.32903,23.085272,14.5,North
01F3126S_03F3496S,01F3126S,0000100031300D,120.247681,23.104817,03F3496S,0000300035000D,120.32517,23.040203,14.2,South
01F3185N_01F3126N,01F3185N,0000100131840D,120.253025,23.051311,01F3126N,0000100131220D,120.247681,23.104817,5.9,North
01F3185N_03F3445N,01F3185N,0000100131840D,120.253025,23.051311,03F3445N,0000300134400D,120.32903,23.085272,13.8,North
01F3185N_03F3496S,01F3185N,0000100131840D,120.253025,23.051311,03F3496S,0000300035000D,120.32517,23.040203,13.4,South
01F3185S_01F3227S,01F3185S,0000100031900D,120.253025,23.051311,01F3227S,0000100032300D,120.249997,23.014172,4.2,South
01F3227N_01F3185N,01F3227N,0000100132300D,120.249997,23.014172,01F3185N,0000100131840D,120.253025,23.051311,4.2,North
01F3227S_01F3252S,01F3227S,0000100032300D,120.249997,23.014172,01F3252S,0000100032500D,120.248175,22.991814,2.5,South
01F3252N_01F3227N,01F3252N,0000100132500D,120.248175,22.991814,01F3227N,0000100132300D,120.249997,23.014172,2.5,North
01F3252S_01F3286S,01F3252S,0000100032500D,120.248175,22.991814,01F3286S,0000100032900D,120.249822,22.960903,3.4,South
01F3286N_01F3252N,01F3286N,0000100132900D,120.249822,22.960903,01F3252N,0000100132500D,120.248175,22.991814,3.4,North
01F3286S_01F3366S,01F3286S,0000100032900D,120.249822,22.960903,01F3366S,0000100033700E,120.27215,22.892619,8,South
01F3366N_01F3286N,01F3366N,0000100133700E,120.27215,22.892619,01F3286N,0000100132900D,120.249822,22.960903,8,North
01F3366S_01F3398S,01F3366S,0000100033700E,120.27215,22.892619,01F3398S,0000100034000E,120.284989,22.867419,3.2,South
01F3398N_01F3366N,01F3398N,0000100134000E,120.284989,22.867419,01F3366N,0000100133700E,120.27215,22.892619,3.2,North
01F3398S_01F3460S,01F3398S,0000100034000E,120.284989,22.867419,01F3460S,0000100034600E,120.312731,22.818039,6.2,South
01F3460N_01F3398N,01F3460N,0000100134600E,120.312731,22.818039,01F3398N,0000100134000E,120.284989,22.867419,6.2,North
01F3460S_01F3535S,01F3460S,0000100034600E,120.312731,22.818039,01F3535S,0000100135400E,120.334056,22.752806,7.5,South
01F3535N_01F3460N,01F3535N,0000100135400E,120.334056,22.752806,01F3460N,0000100134600E,120.312731,22.818039,7.5,North
01F3535S_01F3561S,01F3535S,0000100135400E,120.334056,22.752806,01F3561S,0000100035600E,120.333764,22.728956,2.6,South
01F3559N_01F3535N,01F3559N,0000100135600E,120.334286,22.730903,01F3535N,0000100135400E,120.334056,22.752806,2.4,North
01F3561S_01F3590S,01F3561S,0000100035600E,120.333764,22.728956,01F3590S,0000100035900E,120.328181,22.703364,2.9,South
01F3590N_01F3559N,01F3590N,0000100135900E,120.328181,22.703364,01F3559N,0000100135600E,120.334286,22.730903,3.1,North
01F3590S_01F3640S,01F3590S,0000100035900E,120.328181,22.703364,01F3640S,0000100036400E,120.332081,22.658892,5,South
01F3590S_03F3743N,01F3590S,0000100035900E,120.328181,22.703364,03F3743N,0000300137400E,120.38543,22.845121,30.2,North
01F3590S_03F3854S,01F3590S,0000100035900E,120.328181,22.703364,03F3854S,0000300038600E,120.44184,22.769197,23.3,South
01F3640N_01F3590N,01F3640N,0000100136400E,120.332081,22.658892,01F3590N,0000100135900E,120.328181,22.703364,5,North
01F3640N_03F3743N,01F3640N,0000100136400E,120.332081,22.658892,03F3743N,0000300137400E,120.38543,22.845121,28.4,North
01F3640N_03F3854S,01F3640N,0000100136400E,120.332081,22.658892,03F3854S,0000300038600E,120.44184,22.769197,21.5,South
01F3640S_01F3676S,01F3640S,0000100036400E,120.332081,22.658892,01F3676S,0000100036800E,120.336222,22.627819,3.6,South
01F3676N_01F3640N,01F3676N,0000100136800E,120.336222,22.627819,01F3640N,0000100136400E,120.332081,22.658892,3.6,North
01F3676S_01F3686S,01F3676S,0000100036800E,120.336222,22.627819,01F3686S,0000100036900E,120.336647,22.619119,1,South
01F3686S_01F3736S,01F3686S,0000100036900E,120.336647,22.619119,01F3736S,0000101076030E,120.32315,22.581933,5,South
01F3696N_01F3676N,01F3696N,0000100137000E,120.339608,22.609428,01F3676N,0000100136800E,120.336222,22.627819,2,North
01F3736N_01F3696N,01F3736N,0000101176100E,120.32315,22.581933,01F3696N,0000100137000E,120.339608,22.609428,4,North
01H0163S_01H0206S,01H0163S,00001A0001600A,121.598733,25.064006,01H0206S,00001A0002000A,121.557739,25.07275,4.3,South
01H0174N_01F0099N,01H0174N,00001A0101700A,121.588044,25.065544,01F0099N,0000100100900F,121.659422,25.076044,7.5,North
01H0174N_03F0054N,01H0174N,00001A0101700A,121.588044,25.065544,03F0054N,0000300100520C,121.681789,25.103747,11.4,North
01H0174N_03F0116S,01H0174N,00001A0101700A,121.588044,25.065544,03F0116S,0000300001160F,121.643467,25.065611,6.3,South
01H0200N_01H0174N,01H0200N,00001A0102000A,121.562519,25.070994,01H0174N,00001A0101700A,121.588044,25.065544,2.6,North
01H0206S_01H0305S,01H0206S,00001A0002000A,121.557739,25.07275,01H0305S,00001A0003000F,121.460661,25.075553,9.9,South
01H0208N_01H0200N,01H0208N,00001A0102080A,121.555014,25.072261,01H0200N,00001A0102000A,121.562519,25.070994,0.8,North
01H0271N_01H0208N,01H0271N,00001A0102700F,121.494019,25.075256,01H0208N,00001A0102080A,121.555014,25.072261,6.3,North
01H0305S_01F0339S,01H0305S,00001A0003000F,121.460661,25.075553,01F0339S,0000100003380F,121.428764,25.068239,3.3,South
01H0305S_01H0334S,01H0305S,00001A0003000F,121.460661,25.075553,01H0334S,00001B0003300F,121.433281,25.068728,2.9,South
01H0333N_01H0271N,01H0333N,00001B0103310F,121.435133,25.068147,01H0271N,00001A0102700F,121.494019,25.075256,6.2,North
01H0334S_01H0447S,01H0334S,00001B0003300F,121.433281,25.068728,01H0447S,00001B0004400H,121.331858,25.060125,11.3,South
01H0447N_01F0340N,01H0447N,00001B0104400H,121.332072,25.059242,01F0340N,0000100103380F,121.428056,25.068,10.7,North
01H0447N_01H0333N,01H0447N,00001B0104400H,121.332072,25.059242,01H0333N,00001B0103310F,121.435133,25.068147,11.4,North
01H0447S_01H0579S,01H0447S,00001B0004400H,121.331858,25.060125,01H0579S,00001B0005700H,121.232531,24.984094,13.2,South
01H0579N_01H0447N,01H0579N,00001B0105700H,121.232981,24.983667,01H0447N,00001B0104400H,121.332072,25.059242,13.2,North
01H0579S_01F0633S,01H0579S,00001B0005700H,121.232531,24.984094,01F0633S,0000100006300H,121.195594,24.949281,5.5,South
01H0579S_01H0610S,01H0579S,00001B0005700H,121.232531,24.984094,01H0610S,00001B0006020H,121.209867,24.96525,3.1,South
01H0608N_01F0584N,01H0608N,00001B0106020H,121.211614,24.965878,01F0584N,0000100105800H,121.228944,24.980558,2.4,North
01H0608N_01H0579N,01H0608N,00001B0106020H,121.211614,24.965878,01H0579N,00001B0105700H,121.232981,24.983667,2.9,North
01H0610S_01F0750S,01H0610S,00001B0006020H,121.209867,24.96525,01F0750S,0000100007400H,121.111731,24.893436,13.9,South
03A0015S_03A0041S,03A0015S,0000310000100A,121.562375,25.011819,03A0041S,0000310000410A,121.586039,25.003864,2.6,South
03A0041N_03A0015N,03A0041N,0000310100410A,121.586039,25.003864,03A0015N,0000310100100A,121.562375,25.011819,2.6,North
03A0041S_03F0201N,03A0041S,0000310000410A,121.586039,25.003864,03F0201N,0000300102000F,121.596381,25.007375,1.8,North
03A0041S_03F0217S,03A0041S,0000310000410A,121.586039,25.003864,03F0217S,0000300002110A,121.592933,24.993567,1.7,South
03F0006S_01F0061S,03F0006S,0000300000070C,121.708908,25.137106,01F0061S,0000100000600C,121.693644,25.088272,6.8,South
03F0006S_03F0087S,03F0006S,0000300000070C,121.708908,25.137106,03F0087S,0000300000870F,121.653556,25.089994,8.1,South
03F0054N_01F0061S,03F0054N,0000300100520C,121.681789,25.103747,01F0061S,0000100000600C,121.693644,25.088272,7.6,South
03F0054N_03F0021N,03F0054N,0000300100520C,121.681789,25.103747,03F0021N,0000300100200C,121.698631,25.129514,3.3,North
03F0087S_01F0099N,03F0087S,0000300000870F,121.653556,25.089994,01F0099N,0000100100900F,121.659422,25.076044,4.2,North
03F0087S_01F0147S,03F0087S,0000300000870F,121.653556,25.089994,01F0147S,0000100001440A,121.613519,25.065644,5.4,South
03F0087S_01H0163S,03F0087S,0000300000870F,121.653556,25.089994,01H0163S,00001A0001600A,121.598733,25.064006,6.9,South
03F0087S_03F0116S,03F0087S,0000300000870F,121.653556,25.089994,03F0116S,0000300001160F,121.643467,25.065611,2.9,South
03F0116N_01F0099N,03F0116N,0000300101150F,121.643467,25.065611,01F0099N,0000100100900F,121.659422,25.076044,2.2,North
03F0116N_01F0147S,03F0116N,0000300101150F,121.643467,25.065611,01F0147S,0000100001440A,121.613519,25.065644,4.9,South
03F0116N_01H0163S,03F0116N,0000300101150F,121.643467,25.065611,01H0163S,00001A0001600A,121.598733,25.064006,6.4,South
03F0116N_03F0054N,03F0116N,0000300101150F,121.643467,25.065611,03F0054N,0000300100520C,121.681789,25.103747,6.2,North
03F0116S_03F0136S,03F0116S,0000300001160F,121.643467,25.065611,03F0136S,0000300001360F,121.631281,25.052742,2,South
03F0136S_03F0158S,03F0136S,0000300001360F,121.631281,25.052742,03F0158S,0000300001550A,121.621386,25.036533,2.2,South
03F0140N_03F0116N,03F0140N,0000300101400F,121.628156,25.050319,03F0116N,0000300101150F,121.643467,25.065611,2.4,North
03F0150N_03F0140N,03F0150N,0000301105010F,121.624789,25.042389,03F0140N,0000300101400F,121.628156,25.050319,1,North
03F0158S_03F0201S,03F0158S,0000300001550A,121.621386,25.036533,03F0201S,0000300001990F,121.595981,25.007436,4.3,South
03F0158S_05F0000S,03F0158S,0000300001550A,121.621386,25.036533,05F0000S,0000501001000A,121.62302,25.035183,0.8,South
03F0201N_03F0150N,03F0201N,0000300102000F,121.596381,25.007375,03F0150N,0000301105010F,121.624789,25.042389,5.1,North
03F0201N_05F0000S,03F0201N,0000300102000F,121.596381,25.007375,05F0000S,0000501001000A,121.62302,25.035183,4.4,South
03F0201S_03A0041N,03F0201S,0000300001990F,121.595981,25.007436,03A0041N,0000310100410A,121.586039,25.003864,1.4,North
03F0201S_03F0217S,03F0201S,0000300001990F,121.595981,25.007436,03F0217S,0000300002110A,121.592933,24.993567,1.6,South
03F0217N_03A0041N,03F0217N,0000300102160A,121.593367,24.993744,03A0041N,0000310100410A,121.586039,25.003864,2.2,North
03F0217N_03F0201N,03F0217N,0000300102160A,121.593367,24.993744,03F0201N,0000300102000F,121.596381,25.007375,1.6,North
03F0217S_03F0301S,03F0217S,0000300002110A,121.592933,24.993567,03F0301S,0000300003000F,121.530572,24.96255,8.4,South
03F0301N_03F0217N,03F0301N,0000300103000F,121.530572,24.96255,03F0217N,0000300102160A,121.593367,24.993744,8.4,North
03F0301S_03F0337S,03F0301S,0000300003000F,121.530572,24.96255,03F0337S,0000300003310F,121.502381,24.978881,3.6,South
03F0337S_03F0385S,03F0337S,0000300003310F,121.502381,24.978881,03F0385S,0000300003900F,121.463693,24.976531,4.8,South
03F0338N_03F0301N,03F0338N,0000300103320F,121.501744,24.978586,03F0301N,0000300103000F,121.530572,24.96255,3.7,North
03F0385N_03F0338N,03F0385N,0000300103900F,121.463693,24.976531,03F0338N,0000300103320F,121.501744,24.978586,4.7,North
03F0385S_03F0447S,03F0385S,0000300003900F,121.463693,24.976531,03F0447S,0000300004400F,121.412681,24.950503,6.2,South
03F0447N_03F0385N,03F0447N,0000300104400F,121.412681,24.950503,03F0385N,0000300103900F,121.463693,24.976531,6.2,North
03F0447S_03F0498S,03F0447S,0000300004400F,121.412681,24.950503,03F0498S,0000300004900F,121.365275,24.943825,5.1,South
03F0498N_03F0447N,03F0498N,0000300104900F,121.365275,24.943825,03F0447N,0000300104400F,121.412681,24.950503,5.1,North
03F0498S_03F0525S,03F0498S,0000300004900F,121.365275,24.943825,03F0525S,0000300005200F,121.3419,24.936025,2.7,South
03F0525N_03F0498N,03F0525N,0000300105200F,121.3419,24.936025,03F0498N,0000300104900F,121.365275,24.943825,2.7,North
03F0525S_01F0511N,03F0525S,0000300005200F,121.3419,24.936025,01F0511N,0000100105100H,121.281731,25.025953,14.3,North
03F0525S_01F0532S,03F0525S,0000300005200F,121.3419,24.936025,01F0532S,0000100005310H,121.266194,25.012944,14.4,South
03F0525S_03F0559S,03F0525S,0000300005200F,121.3419,24.936025,03F0559S,0000300005520H,121.312458,24.930225,3.4,South
03F0559N_01F0511N,03F0559N,0000300105520H,121.312458,24.930225,01F0511N,0000100105100H,121.281731,25.025953,14.4,North
03F0559N_01F0532S,03F0559N,0000300105520H,121.312458,24.930225,01F0532S,0000100005310H,121.266194,25.012944,14.5,South
03F0559N_03F0525N,03F0559N,0000300105520H,121.312458,24.930225,03F0525N,0000300105200F,121.3419,24.936025,3.4,North
03F0559S_03F0648S,03F0559S,0000300005520H,121.312458,24.930225,03F0648S,0000300006400H,121.250839,24.878792,8.9,South
03F0648N_03F0559N,03F0648N,0000300106400H,121.250839,24.878792,03F0559N,0000300105520H,121.312458,24.930225,8.9,North
03F0648S_03F0698S,03F0648S,0000300006400H,121.250839,24.878792,03F0698S,0000300006900H,121.208581,24.856558,5,South
03F0698N_03F0648N,03F0698N,0000300106900H,121.208581,24.856558,03F0648N,0000300106400H,121.250839,24.878792,5,North
03F0698S_03F0746S,03F0698S,0000300006900H,121.208581,24.856558,03F0746S,0000300007460J,121.200339,24.816364,4.8,South
03F0746N_03F0698N,03F0746N,0000300107460J,121.200339,24.816364,03F0698N,0000300106900H,121.208581,24.856558,4.8,North
03F0746S_03F0783S,03F0746S,0000300007460J,121.200339,24.816364,03F0783S,0000300007800J,121.179128,24.797339,3.7,South
03F0783N_03F0746N,03F0783N,0000300107810J,121.179128,24.797339,03F0746N,0000300107460J,121.200339,24.816364,3.7,North
03F0783S_03F0846S,03F0783S,0000300007800J,121.179128,24.797339,03F0846S,0000300008400J,121.125997,24.791439,6.3,South
03F0846N_03F0783N,03F0846N,0000300108400J,121.125997,24.791439,03F0783N,0000300107810J,121.179128,24.797339,6.3,North
03F0846S_03F0961S,03F0846S,0000300008400J,121.125997,24.791439,03F0961S,0000300009600J,121.030425,24.758442,11.5,South
03F0961N_03F0846N,03F0961N,0000300109600J,121.030425,24.758442,03F0846N,0000300108400J,121.125997,24.791439,11.5,North
03F0961S_03F0996S,03F0961S,0000300009600J,121.030425,24.758442,03F0996S,0000300009940J,120.997269,24.755811,3.5,South
03F0996N_03F0961N,03F0996N,0000300109940J,120.997269,24.755811,03F0961N,0000300109600J,121.030425,24.758442,3.5,North
03F0996S_01F0979N,03F0996S,0000300009940J,120.997269,24.755811,01F0979N,0000100109740J,120.999897,24.764414,1.9,North
03F0996S_01F1045S,03F0996S,0000300009940J,120.997269,24.755811,01F1045S,0000100010400J,120.951897,24.727131,6.3,South
03F0996S_03F1022S,03F0996S,0000300009940J,120.997269,24.755811,03F1022S,0000300010200J,120.972267,24.757914,2.6,South
03F1022N_01F0979N,03F1022N,0000300110200J,120.972267,24.757914,01F0979N,0000100109740J,120.999897,24.764414,3.1,North
03F1022N_01F1045S,03F1022N,0000300110200J,120.972267,24.757914,01F1045S,0000100010400J,120.951897,24.727131,6.2,South
03F1022N_03F0996N,03F1022N,0000300110200J,120.972267,24.757914,03F0996N,0000300109940J,120.997269,24.755811,2.6,North
03F1022S_03F1051S,03F1022S,0000300010200J,120.972267,24.757914,03F1051S,0000300010500O,120.945675,24.753094,2.9,South
03F1051N_03F1022N,03F1051N,0000300110500O,120.945675,24.753094,03F1022N,0000300110200J,120.972267,24.757914,2.9,North
03F1051S_03F1128S,03F1051S,0000300010500O,120.945675,24.753094,03F1128S,0000300011200K,120.889639,24.711383,7.7,South
03F1128N_03F1051N,03F1128N,0000300111200K,120.889639,24.711383,03F1051N,0000300110500O,120.945675,24.753094,7.7,North
03F1128S_03F1161S,03F1128S,0000300011200K,120.889639,24.711383,03F1161S,0000300011600K,120.860086,24.698006,3.3,South
03F1161N_03F1128N,03F1161N,0000300111600K,120.860086,24.698006,03F1128N,0000300111200K,120.889639,24.711383,3.3,North
03F1161S_03F1215S,03F1161S,0000300011600K,120.860086,24.698006,03F1215S,0000300012100K,120.838242,24.655964,5.4,South
03F1215N_03F1161N,03F1215N,0000300112100K,120.838242,24.655964,03F1161N,0000300111600K,120.860086,24.698006,5.4,North
03F1215S_03F1257S,03F1215S,0000300012100K,120.838242,24.655964,03F1257S,0000300012520K,120.814006,24.627161,4.2,South
03F1257N_03F1215N,03F1257N,0000300112520K,120.814006,24.627161,03F1215N,0000300112100K,120.838242,24.655964,4.2,North
03F1257S_03F1332S,03F1257S,0000300012520K,120.814006,24.627161,03F1332S,0000300013300K,120.76442,24.579641,7.5,South
03F1332N_03F1257N,03F1332N,0000300113300K,120.76442,24.579641,03F1257N,0000300112520K,120.814006,24.627161,7.5,North
03F1332S_03F1395S,03F1332S,0000300013300K,120.76442,24.579641,03F1395S,0000300013900K,120.73325,24.531124,6.3,South
03F1395N_03F1332N,03F1395N,0000300113900K,120.73325,24.531124,03F1332N,0000300113300K,120.76442,24.579641,6.3,North
03F1395S_03F1485S,03F1395S,0000300013900K,120.73325,24.531124,03F1485S,0000300014800K,120.68121,24.467308,9,South
03F1485N_03F1395N,03F1485N,0000300114800K,120.68121,24.467308,03F1395N,0000300113900K,120.73325,24.531124,9,North
03F1485S_03F1633S,03F1485S,0000300014800K,120.68121,24.467308,03F1633S,0000300016300B,120.651566,24.34112,14.8,South
03F1633N_03F1485N,03F1633N,0000300116300B,120.651566,24.34112,03F1485N,0000300114800K,120.68121,24.467308,14.8,North
03F1633S_03F1651S,03F1633S,0000300016300B,120.651566,24.34112,03F1651S,0000300016500B,120.635574,24.334719,1.8,South
03F1651N_03F1633N,03F1651N,0000300116520B,120.635574,24.334719,03F1633N,0000300116300B,120.651566,24.34112,1.8,North
03F1651S_01F1621N,03F1651S,0000300016500B,120.635574,24.334719,01F1621N,0000100116200B,120.697325,24.301186,17.1,North
03F1651S_01F1664S,03F1651S,0000300016500B,120.635574,24.334719,01F1664S,0000100016610B,120.691956,24.262647,13.9,South
03F1651S_03F1710S,03F1651S,0000300016500B,120.635574,24.334719,03F1710S,0000300017100B,120.60197,24.292881,5.9,South
03F1710N_01F1621N,03F1710N,0000300117100B,120.60197,24.292881,01F1621N,0000100116200B,120.697325,24.301186,15.2,North
03F1710N_01F1664S,03F1710N,0000300117100B,120.60197,24.292881,01F1664S,0000100016610B,120.691956,24.262647,12,South
03F1710N_03F1651N,03F1710N,0000300117100B,120.60197,24.292881,03F1651N,0000300116520B,120.635574,24.334719,5.9,North
03F1710S_03F1739S,03F1710S,0000300017100B,120.60197,24.292881,03F1739S,0000300017400B,120.590805,24.269464,2.9,South
03F1739N_03F1710N,03F1739N,0000300117400B,120.590805,24.269464,03F1710N,0000300117100B,120.60197,24.292881,2.9,North
03F1739S_03F1779S,03F1739S,0000300017400B,120.590805,24.269464,03F1779S,0000300017700B,120.59331,24.234648,4,South
03F1779N_03F1739N,03F1779N,0000300117700B,120.59331,24.234648,03F1739N,0000300117400B,120.590805,24.269464,4,North
03F1779S_03F1860S,03F1779S,0000300017700B,120.59331,24.234648,03F1860S,0000300018600B,120.54824,24.177832,8.1,South
03F1860N_03F1779N,03F1860N,0000300118600B,120.54824,24.177832,03F1779N,0000300117700B,120.59331,24.234648,8.1,North
03F1860S_03F1944S,03F1860S,0000300018600B,120.54824,24.177832,03F1944S,0000300019400N,120.53669,24.11901,8.4,South
03F1941N_03F1860N,03F1941N,0000300119400N,120.534546,24.120947,03F1860N,0000300118600B,120.54824,24.177832,8.1,North
03F1944S_01F1906N,03F1944S,0000300019400N,120.53669,24.11901,01F1906N,0000100119050B,120.568131,24.113572,5.2,North
03F1944S_01F1960S,03F1944S,0000300019400N,120.53669,24.11901,01F1960S,0000100019600N,120.52785,24.085622,6.1,South
03F1944S_03F1991S,03F1944S,0000300019400N,120.53669,24.11901,03F1991S,0000300019900N,120.57766,24.102808,4.7,South
03F1991S_03F2066S,03F1991S,0000300019900N,120.57766,24.102808,03F2066S,0000300020600B,120.63971,24.070333,7.5,South
03F1992N_01F1906N,03F1992N,0000300119900N,120.57875,24.102526,01F1906N,0000100119050B,120.568131,24.113572,5.6,North
03F1992N_01F1960S,03F1992N,0000300119900N,120.57875,24.102526,01F1960S,0000100019600N,120.52785,24.085622,6.5,South
03F1992N_03F1941N,03F1992N,0000300119900N,120.57875,24.102526,03F1941N,0000300119400N,120.534546,24.120947,5.1,North
03F2066N_03F1992N,03F2066N,0000300120600B,120.63971,24.070333,03F1992N,0000300119900N,120.57875,24.102526,7.4,North
03F2066S_03F2079S,03F2066S,0000300020600B,120.63971,24.070333,03F2079S,0000300020800B,120.65236,24.067778,1.3,South
03F2078N_03F2066N,03F2078N,0000300120800B,120.651436,24.067959,03F2066N,0000300120600B,120.63971,24.070333,1.2,North
03F2079S_03F2100S,03F2079S,0000300020800B,120.65236,24.067778,03F2100S,0000300021000B,120.67097,24.060654,2.1,South
03F2100N_03F2078N,03F2100N,0000300121000B,120.67153,24.060429,03F2078N,0000300120800B,120.651436,24.067959,2.2,North
03F2100S_03F2129S,03F2100S,0000300021000B,120.67097,24.060654,03F2129S,0000300021300B,120.67593,24.037418,2.9,South
03F2125N_03F2100N,03F2125N,0000300121220B,120.67786,24.040995,03F2100N,0000300121000B,120.67153,24.060429,2.5,North
03F2129S_03F2152S,03F2129S,0000300021300B,120.67593,24.037418,03F2152S,0000300021510N,120.66322,24.019993,2.3,South
03F2152S_03F2194S,03F2152S,0000300021510N,120.66322,24.019993,03F2194S,0000300021900M,120.65272,23.985844,4.2,South
03F2153N_03F2125N,03F2153N,0000300121510N,120.66316,24.018944,03F2125N,0000300121220B,120.67786,24.040995,2.8,North
03F2194N_03F2153N,03F2194N,0000300121900M,120.65272,23.985844,03F2153N,0000300121510N,120.66316,24.018944,4.1,North
03F2194S_01F2011N,03F2194S,0000300021900M,120.65272,23.985844,01F2011N,0000100120100N,120.522786,24.040639,27.2,North
03F2194S_01F2089S,03F2194S,0000300021900M,120.65272,23.985844,01F2089S,0000100020900N,120.506117,23.971794,22.8,South
03F2194S_03F2235S,03F2194S,0000300021900M,120.65272,23.985844,03F2235S,0000300022340M,120.66127,23.955503,4.1,South
03F2231N_01F2011N,03F2231N,0000300122300M,120.657616,23.957104,01F2011N,0000100120100N,120.522786,24.040639,25.2,North
03F2231N_01F2089S,03F2231N,0000300122300M,120.657616,23.957104,01F2089S,0000100020900N,120.506117,23.971794,20.9,South
03F2231N_03F2194N,03F2231N,0000300122300M,120.657616,23.957104,03F2194N,0000300121900M,120.65272,23.985844,3.7,North
03F2235S_03F2261S,03F2235S,0000300022340M,120.66127,23.955503,03F2261S,0000300022600M,120.67704,23.9376,2.6,South
03F2260N_03F2231N,03F2260N,0000300122600M,120.67685,23.937927,03F2231N,0000300122300M,120.657616,23.957104,2.9,North
03F2261S_03F2306S,03F2261S,0000300022600M,120.67704,23.9376,03F2306S,0000300023000M,120.70283,23.90678,4.5,South
03F2306N_03F2260N,03F2306N,0000300123000M,120.70283,23.90678,03F2260N,0000300122600M,120.67685,23.937927,4.6,North
03F2306S_03F2336S,03F2306S,0000300023000M,120.70283,23.90678,03F2336S,0000300023300M,120.70918,23.88203,3,South
03F2336N_03F2306N,03F2336N,0000300123300M,120.70918,23.88203,03F2306N,0000300123000M,120.70283,23.90678,3,North
03F2336S_03F2415S,03F2336S,0000300023300M,120.70918,23.88203,03F2415S,0000300024100M,120.700005,23.814837,7.9,South
03F2415N_03F2336N,03F2415N,0000300124100M,120.700005,23.814837,03F2336N,0000300123300M,120.70918,23.88203,7.9,North
03F2415S_03F2447S,03F2415S,0000300024100M,120.700005,23.814837,03F2447S,0000300024400M,120.70452,23.787485,3.2,South
03F2447N_03F2415N,03F2447N,0000300124430M,120.70452,23.787485,03F2415N,0000300124100M,120.700005,23.814837,3.2,North
03F2447S_03F2535S,03F2447S,0000300024400M,120.70452,23.787485,03F2535S,0000300025300P,120.6259,23.775581,8.8,South
03F2535N_03F2447N,03F2535N,0000300125300P,120.6259,23.775581,03F2447N,0000300124430M,120.70452,23.787485,8.8,North
03F2535S_03F2614S,03F2535S,0000300025300P,120.6259,23.775581,03F2614S,0000300026120P,120.60178,23.724424,7.9,South
03F2614N_03F2535N,03F2614N,0000300126120P,120.60178,23.724424,03F2535N,0000300125300P,120.6259,23.775581,7.9,North
03F2614S_01F2425N,03F2614S,0000300026120P,120.60178,23.724424,01F2425N,0000100124200P,120.462281,23.677375,21.5,North
03F2614S_01F2472S,03F2614S,0000300026120P,120.60178,23.724424,01F2472S,0000100024700P,120.443114,23.639556,24.5,South
03F2614S_03F2709S,03F2614S,0000300026120P,120.60178,23.724424,03F2709S,0000300027100P,120.57295,23.649141,9.5,South
03F2709N_01F2425N,03F2709N,0000300127100P,120.572914,23.649279,01F2425N,0000100124200P,120.462281,23.677375,15.6,North
03F2709N_01F2472S,03F2709N,0000300127100P,120.572914,23.649279,01F2472S,0000100024700P,120.443114,23.639556,18.6,South
03F2709N_03F2614N,03F2709N,0000300127100P,120.572914,23.649279,03F2614N,0000300126120P,120.60178,23.724424,9.5,North
03F2709S_03F2747S,03F2709S,0000300027100P,120.57295,23.649141,03F2747S,0000300027500P,120.55856,23.618202,3.8,South
03F2747N_03F2709N,03F2747N,0000300127500P,120.55856,23.618202,03F2709N,0000300127100P,120.572914,23.649279,3.8,North
03F2747S_03F2777S,03F2747S,0000300027500P,120.55856,23.618202,03F2777S,0000300027800P,120.53251,23.606792,3,South
03F2777N_03F2747N,03F2777N,0000300127800P,120.53251,23.606792,03F2747N,0000300127500P,120.55856,23.618202,3,North
03F2777S_03F2840S,03F2777S,0000300027800P,120.53251,23.606792,03F2840S,0000300028400Q,120.50506,23.558125,6.3,South
03F2840N_03F2777N,03F2840N,0000300128400Q,120.50506,23.558125,03F2777N,0000300127800P,120.53251,23.606792,6.3,North
03F2840S_03F2899S,03F2840S,0000300028400Q,120.50506,23.558125,03F2899S,0000300029000Q,120.48633,23.511683,5.9,South
03F2899N_03F2840N,03F2899N,0000300129000Q,120.48633,23.511683,03F2840N,0000300128400Q,120.50506,23.558125,5.9,North
03F2899S_03F2923S,03F2899S,0000300029000Q,120.48633,23.511683,03F2923S,0000300029210Q,120.49458,23.492079,2.4,South
03F2923N_03F2899N,03F2923N,0000300129220Q,120.49458,23.492079,03F2899N,0000300129000Q,120.48633,23.511683,2.4,North
03F2923S_03F2985S,03F2923S,0000300029210Q,120.49458,23.492079,03F2985S,0000300029840Q,120.4812,23.442486,6.2,South
03F2985N_03F2923N,03F2985N,0000300129850Q,120.4812,23.442486,03F2923N,0000300129220Q,120.49458,23.492079,6.2,North
03F2985S_01F2714N,03F2985S,0000300029840Q,120.4812,23.442486,01F2714N,0000100127110Q,120.361561,23.436367,15.1,North
03F2985S_01F2827S,03F2985S,0000300029840Q,120.4812,23.442486,01F2827S,0000100028300D,120.322192,23.347469,24.3,South
03F2985S_03F3101S,03F2985S,0000300029840Q,120.4812,23.442486,03F3101S,0000300031000D,120.436356,23.361254,11.6,South
03F3101N_01F2714N,03F3101N,0000300131000D,120.436356,23.361254,01F2714N,0000100127110Q,120.361561,23.436367,22.9,North
03F3101N_01F2827S,03F3101N,0000300131000D,120.436356,23.361254,01F2827S,0000100028300D,120.322192,23.347469,32.1,South
03F3101N_03F2985N,03F3101N,0000300131000D,120.436356,23.361254,03F2985N,0000300129850Q,120.4812,23.442486,11.6,North
03F3101S_03F3187S,03F3101S,0000300031000D,120.436356,23.361254,03F3187S,0000300031900D,120.40417,23.296692,8.6,South
03F3187N_03F3101N,03F3187N,0000300131900D,120.40417,23.296692,03F3101N,0000300131000D,120.436356,23.361254,8.6,North
03F3187S_03F3211S,03F3187S,0000300031900D,120.40417,23.296692,03F3211S,0000300032120D,120.39025,23.279282,2.4,South
03F3211N_03F3187N,03F3211N,0000300132120D,120.39025,23.279282,03F3187N,0000300131900D,120.40417,23.296692,2.4,North
03F3211S_03F3259S,03F3211S,0000300032120D,120.39025,23.279282,03F3259S,0000300032600D,120.36738,23.244993,4.8,South
03F3259N_03F3211N,03F3259N,0000300132600D,120.36738,23.244993,03F3211N,0000300132120D,120.39025,23.279282,4.8,North
03F3259S_03F3307S,03F3259S,0000300032600D,120.36738,23.244993,03F3307S,0000300033100D,120.35546,23.203276,4.8,South
03F3307N_03F3259N,03F3307N,0000300133100D,120.35546,23.203276,03F3259N,0000300132600D,120.36738,23.244993,4.8,North
03F3307S_01F2930N,03F3307S,0000300033100D,120.35546,23.203276,01F2930N,0000100129300D,120.265769,23.272589,24.1,North
03F3307S_01F3019S,03F3307S,0000300033100D,120.35546,23.203276,01F3019S,0000100030200D,120.236422,23.197286,20.7,South
03F3307S_03F3392S,03F3307S,0000300033100D,120.35546,23.203276,03F3392S,0000300033900D,120.33371,23.132065,8.5,South
03F3392N_01F2930N,03F3392N,0000300133900D,120.33371,23.132065,01F2930N,0000100129300D,120.265769,23.272589,25,North
03F3392N_01F3019S,03F3392N,0000300133900D,120.33371,23.132065,01F3019S,0000100030200D,120.236422,23.197286,21.7,South
03F3392N_03F3307N,03F3392N,0000300133900D,120.33371,23.132065,03F3307N,0000300133100D,120.35546,23.203276,8.5,North
03F3392S_03F3445S,03F3392S,0000300033900D,120.33371,23.132065,03F3445S,0000300034400D,120.32903,23.085272,5.3,South
03F3445N_03F3392N,03F3445N,0000300134400D,120.32903,23.085272,03F3392N,0000300133900D,120.33371,23.132065,5.3,North
03F3445S_01F3126N,03F3445S,0000300034400D,120.32903,23.085272,01F3126N,0000100131220D,120.247681,23.104817,13.1,North
03F3445S_01F3185S,03F3445S,0000300034400D,120.32903,23.085272,01F3185S,0000100031900D,120.253025,23.051311,14.1,South
03F3445S_03F3496S,03F3445S,0000300034400D,120.32903,23.085272,03F3496S,0000300035000D,120.32517,23.040203,5.1,South
03F3496N_01F3126N,03F3496N,0000300135000D,120.32517,23.040203,01F3126N,0000100131220D,120.247681,23.104817,13.6,North
03F3496N_01F3185S,03F3496N,0000300135000D,120.32517,23.040203,01F3185S,0000100031900D,120.253025,23.051311,14.6,South
03F3496N_03F3445N,03F3496N,0000300135000D,120.32517,23.040203,03F3445N,0000300134400D,120.32903,23.085272,5.1,North
03F3496S_03F3588S,03F3496S,0000300035000D,120.32517,23.040203,03F3588S,0000300035900D,120.340164,22.969757,9.2,South
03F3588N_03F3496N,03F3588N,0000300135900D,120.340164,22.969757,03F3496N,0000300135000D,120.32517,23.040203,9.2,North
03F3588S_03F3670S,03F3588S,0000300035900D,120.340164,22.969757,03F3670S,0000300036700D,120.35477,22.90197,8.2,South
03F3670N_03F3588N,03F3670N,0000300136700D,120.35477,22.90197,03F3588N,0000300135900D,120.340164,22.969757,8.2,North
03F3670S_03F3743S,03F3670S,0000300036700D,120.35477,22.90197,03F3743S,0000300037400E,120.38543,22.845121,7.3,South
03F3743N_03F3670N,03F3743N,0000300137400E,120.38543,22.845121,03F3670N,0000300136700D,120.35477,22.90197,7.3,North
03F3743S_01F3590N,03F3743S,0000300037400E,120.38543,22.845121,01F3590N,0000100135900E,120.328181,22.703364,29.3,North
03F3743S_01F3640S,03F3743S,0000300037400E,120.38543,22.845121,01F3640S,0000100036400E,120.332081,22.658892,28.3,South
03F3743S_03F3854S,03F3743S,0000300037400E,120.38543,22.845121,03F3854S,0000300038600E,120.44184,22.769197,11.1,South
03F3854N_01F3590N,03F3854N,0000300138600E,120.44184,22.769197,01F3590N,0000100135900E,120.328181,22.703364,23.9,North
03F3854N_01F3640S,03F3854N,0000300138600E,120.44184,22.769197,01F3640S,0000100036400E,120.332081,22.658892,22.9,South
03F3854N_03F3743N,03F3854N,0000300138600E,120.44184,22.769197,03F3743N,0000300137400E,120.38543,22.845121,11.1,North
03F3854S_03F3916S,03F3854S,0000300038600E,120.44184,22.769197,03F3916S,0000300039200T,120.49684,22.749792,6.2,South
03F3916N_03F3854N,03F3916N,0000300139200T,120.49684,22.749792,03F3854N,0000300138600E,120.44184,22.769197,6.2,North
03F3916S_03F3981S,03F3916S,0000300039200T,120.49684,22.749792,03F3981S,0000300039800T,120.53934,22.7058,6.5,South
03F3981S_03F4018S,03F3981S,0000300039800T,120.53934,22.7058,03F4018S,0000300040200T,120.56309,22.682775,3.7,South
03F3984N_03F3916N,03F3984N,0000300139800T,120.54113,22.704641,03F3916N,0000300139200T,120.49684,22.749792,6.8,North
03F4018S_03F4142S,03F4018S,0000300040200T,120.56309,22.682775,03F4142S,0000300041400T,120.52616,22.579586,12.4,South
03F4021N_03F3984N,03F4021N,0000300140200T,120.56331,22.680347,03F3984N,0000300139800T,120.54113,22.704641,3.7,North
03F4142N_03F4021N,03F4142N,0000300141400T,120.52616,22.579586,03F4021N,0000300140200T,120.56331,22.680347,12.1,North
03F4142S_01F3696N,03F4142S,0000300041400T,120.52616,22.579586,01F3696N,0000100137000E,120.339608,22.609428,23.2,North
03F4142S_03F4168S,03F4142S,0000300041400T,120.52616,22.579586,03F4168S,0000300041700T,120.52456,22.557186,2.6,South
03F4168N_01F3696N,03F4168N,0000300141700T,120.52476,22.557407,01F3696N,0000100137000E,120.339608,22.609428,24.1,North
03F4168N_03F4142N,03F4168N,0000300141700T,120.52476,22.557407,03F4142N,0000300141400T,120.52616,22.579586,2.6,North
03F4168S_03F4232S,03F4168S,0000300041700T,120.52456,22.557186,03F4232S,0000300042300T,120.52577,22.501368,6.4,South
03F4232N_03F4168N,03F4232N,0000300142300T,120.52577,22.501368,03F4168N,0000300141700T,120.52476,22.557407,6.4,North
03F4232S_03F4263S,03F4232S,0000300042300T,120.52577,22.501368,03F4263S,0000300042600T,120.530846,22.47466,3.1,South
03F4259N_03F4232N,03F4259N,0000300142600T,120.53139,22.477465,03F4232N,0000300142300T,120.52577,22.501368,2.7,North
05F0000S_05F0055S,05F0000S,0000501001000A,121.62302,25.035183,05F0055S,0000500000500F,121.652084,24.996504,5.5,South
05F0001N_03F0150N,05F0001N,0000500100000A,121.62472,25.035036,03F0150N,0000301105010F,121.624789,25.042389,1,North
05F0001N_03F0201S,05F0001N,0000500100000A,121.62472,25.035036,03F0201S,0000300001990F,121.595981,25.007436,4.8,South
05F0055N_05F0001N,05F0055N,0000500100500F,121.652084,24.996504,05F0001N,0000500100000A,121.62472,25.035036,5.4,North
05F0055S_05F0287S,05F0055S,0000500000500F,121.652084,24.996504,05F0287S,0000500002820G,121.789185,24.842714,23.2,South
05F0287N_05F0055N,05F0287N,0000500102820G,121.789185,24.842714,05F0055N,0000500100500F,121.652084,24.996504,23.2,North
05F0287S_05F0309S,05F0287S,0000500002820G,121.789185,24.842714,05F0309S,0000500003100G,121.78635,24.823656,2.2,South
05F0309N_05F0287N,05F0309N,0000500103100G,121.78635,24.823656,05F0287N,0000500102820G,121.789185,24.842714,2.2,North
05F0309S_05F0439S,05F0309S,0000500003100G,121.78635,24.823656,05F0439S,0000500004400G,121.78946,24.710684,13,South
05F0438N_05F0309N,05F0438N,0000500104400G,121.789474,24.711027,05F0309N,0000500103100G,121.78635,24.823656,12.9,North
05F0438N_05FR143N,05F0438N,0000500104400G,121.789474,24.711027,05FR143N,0000501105010G,121.782364,24.733961,2.5,North
05F0439S_05F0494S,05F0439S,0000500004400G,121.78946,24.710684,05F0494S,0000500004900G,121.79991,24.66258,5.5,South
05F0528N_05F0438N,05F0528N,0000500105300G,121.80696,24.632729,05F0438N,0000500104400G,121.789474,24.711027,9,North
05FR113S_05F0439S,05FR113S,0000501005010G,121.78202,24.73379,05F0439S,0000500004400G,121.78946,24.710684,2.6,South
01F0578S_01F0633S,01F0578S,0000100005750H,121.233197,24.984414,01F0633S,0000100006300H,121.195594,24.949281,5.5,South
01F0633N_01F0584N,01F0633N,0000100106300H,121.195594,24.949281,01F0584N,0000100105800H,121.228944,24.980558,4.9,North
